Epochs,Training Time (s),FLOPs (NN),FLOPs (Runge-Kutta)
1000,17.839718103408813,3640.0,6000
1000,18.37508463859558,3640.0,7200
1000,18.183531522750854,3640.0,8400
1000,17.702165842056274,3640.0,9600
1000,18.018337726593018,3640.0,10800
1000,17.992838382720947,3640.0,12000
