Epochs,Training Time (s),FLOPs (NN),FLOPs (Runge-Kutta),Math Solution Time (s),Model Test Time (s)
300,5.350097417831421,109200000000.0,1200000,5.084163188934326,0.0020008087158203125
300,5.388566017150879,109200000000.0,1200000,5.0266454219818115,0.002002716064453125
