Epochs,Training Time (s),FLOPs (NN),FLOPs (Runge-Kutta),Math Solution Time (s),Model Test Time (s)
10,0.3403053283691406,109200000.0,12000,0.1122281551361084,0.005003452301025391
10,0.3305015563964844,109200000.0,12000,0.0862734317779541,0.005009174346923828
10,0.3405001163482666,109200000.0,12000,9.023480415344238,0.007505178451538086
10,0.3412811756134033,109200000.0,12000,29.51220965385437,0.008107185363769531
10,0.35181641578674316,109200000.0,12000,0.4699387550354004,0.0069887638092041016
10,0.33469724655151367,109200000.0,12000,1.148979902267456,0.008213281631469727
10,0.33994483947753906,109200000.0,12000,0.7939751148223877,0.008678436279296875
